Category,Object,Image_Paths
weapons/firearms,rifle,"['images/rifle/Image_1', 'images/rifle/Image_2', 'images/rifle/Image_3', 'images/rifle/Image_4', 'images/rifle/Image_5', 'images/rifle/Image_6', 'images/rifle/Image_7', 'images/rifle/Image_8', 'images/rifle/Image_9', 'images/rifle/Image_10', 'images/rifle/Image_11', 'images/rifle/Image_12', 'images/rifle/Image_13', 'images/rifle/Image_14', 'images/rifle/Image_15', 'images/rifle/Image_16', 'images/rifle/Image_17', 'images/rifle/Image_18', 'images/rifle/Image_19', 'images/rifle/Image_20', 'images/rifle/Image_21', 'images/rifle/Image_22', 'images/rifle/Image_23', 'images/rifle/Image_24', 'images/rifle/Image_25', 'images/rifle/Image_26', 'images/rifle/Image_27', 'images/rifle/Image_28', 'images/rifle/Image_29', 'images/rifle/Image_30', 'images/rifle/Image_31', 'images/rifle/Image_32', 'images/rifle/Image_33', 'images/rifle/Image_34', 'images/rifle/Image_35', 'images/rifle/Image_36', 'images/rifle/Image_37', 'images/rifle/Image_38', 'images/rifle/Image_39', 'images/rifle/Image_40', 'images/rifle/Image_41', 'images/rifle/Image_42', 'images/rifle/Image_43', 'images/rifle/Image_44', 'images/rifle/Image_45', 'images/rifle/Image_46', 'images/rifle/Image_47', 'images/rifle/Image_48', 'images/rifle/Image_49', 'images/rifle/Image_50']"
weapons/firearms,shotgun,"['images/shotgun/Image_1', 'images/shotgun/Image_2', 'images/shotgun/Image_3', 'images/shotgun/Image_4', 'images/shotgun/Image_5', 'images/shotgun/Image_6', 'images/shotgun/Image_7', 'images/shotgun/Image_8', 'images/shotgun/Image_9', 'images/shotgun/Image_10', 'images/shotgun/Image_11', 'images/shotgun/Image_12', 'images/shotgun/Image_13', 'images/shotgun/Image_14', 'images/shotgun/Image_15', 'images/shotgun/Image_16', 'images/shotgun/Image_17', 'images/shotgun/Image_18', 'images/shotgun/Image_19', 'images/shotgun/Image_20', 'images/shotgun/Image_21', 'images/shotgun/Image_22', 'images/shotgun/Image_23', 'images/shotgun/Image_24', 'images/shotgun/Image_25', 'images/shotgun/Image_26', 'images/shotgun/Image_27', 'images/shotgun/Image_28', 'images/shotgun/Image_29', 'images/shotgun/Image_30', 'images/shotgun/Image_31', 'images/shotgun/Image_32', 'images/shotgun/Image_33', 'images/shotgun/Image_34', 'images/shotgun/Image_35', 'images/shotgun/Image_36', 'images/shotgun/Image_37', 'images/shotgun/Image_38', 'images/shotgun/Image_39', 'images/shotgun/Image_40', 'images/shotgun/Image_41', 'images/shotgun/Image_42', 'images/shotgun/Image_43', 'images/shotgun/Image_44', 'images/shotgun/Image_45', 'images/shotgun/Image_46', 'images/shotgun/Image_47', 'images/shotgun/Image_48', 'images/shotgun/Image_49', 'images/shotgun/Image_50']"
weapons/firearms,handgun,"['images/handgun/Image_1', 'images/handgun/Image_2', 'images/handgun/Image_3', 'images/handgun/Image_4', 'images/handgun/Image_5', 'images/handgun/Image_6', 'images/handgun/Image_7', 'images/handgun/Image_8', 'images/handgun/Image_9', 'images/handgun/Image_10', 'images/handgun/Image_11', 'images/handgun/Image_12', 'images/handgun/Image_13', 'images/handgun/Image_14', 'images/handgun/Image_15', 'images/handgun/Image_16', 'images/handgun/Image_17', 'images/handgun/Image_18', 'images/handgun/Image_19', 'images/handgun/Image_20', 'images/handgun/Image_21', 'images/handgun/Image_22', 'images/handgun/Image_23', 'images/handgun/Image_24', 'images/handgun/Image_25', 'images/handgun/Image_26', 'images/handgun/Image_27', 'images/handgun/Image_28', 'images/handgun/Image_29', 'images/handgun/Image_30', 'images/handgun/Image_31', 'images/handgun/Image_32', 'images/handgun/Image_33', 'images/handgun/Image_34', 'images/handgun/Image_35', 'images/handgun/Image_36', 'images/handgun/Image_37', 'images/handgun/Image_38', 'images/handgun/Image_39', 'images/handgun/Image_40', 'images/handgun/Image_41', 'images/handgun/Image_42', 'images/handgun/Image_43', 'images/handgun/Image_44', 'images/handgun/Image_45', 'images/handgun/Image_46', 'images/handgun/Image_47', 'images/handgun/Image_48', 'images/handgun/Image_49', 'images/handgun/Image_50']"
weapons/firearms,automatic_weapon,"['images/automatic_weapon/Image_1', 'images/automatic_weapon/Image_2', 'images/automatic_weapon/Image_3', 'images/automatic_weapon/Image_4', 'images/automatic_weapon/Image_5', 'images/automatic_weapon/Image_6', 'images/automatic_weapon/Image_7', 'images/automatic_weapon/Image_8', 'images/automatic_weapon/Image_9', 'images/automatic_weapon/Image_10', 'images/automatic_weapon/Image_11', 'images/automatic_weapon/Image_12', 'images/automatic_weapon/Image_13', 'images/automatic_weapon/Image_14', 'images/automatic_weapon/Image_15', 'images/automatic_weapon/Image_16', 'images/automatic_weapon/Image_17', 'images/automatic_weapon/Image_18', 'images/automatic_weapon/Image_19', 'images/automatic_weapon/Image_20', 'images/automatic_weapon/Image_21', 'images/automatic_weapon/Image_22', 'images/automatic_weapon/Image_23', 'images/automatic_weapon/Image_24', 'images/automatic_weapon/Image_25', 'images/automatic_weapon/Image_26', 'images/automatic_weapon/Image_27', 'images/automatic_weapon/Image_28', 'images/automatic_weapon/Image_29', 'images/automatic_weapon/Image_30', 'images/automatic_weapon/Image_31', 'images/automatic_weapon/Image_32', 'images/automatic_weapon/Image_33', 'images/automatic_weapon/Image_34', 'images/automatic_weapon/Image_35', 'images/automatic_weapon/Image_36', 'images/automatic_weapon/Image_37', 'images/automatic_weapon/Image_38', 'images/automatic_weapon/Image_39', 'images/automatic_weapon/Image_40', 'images/automatic_weapon/Image_41', 'images/automatic_weapon/Image_42', 'images/automatic_weapon/Image_43', 'images/automatic_weapon/Image_44', 'images/automatic_weapon/Image_45', 'images/automatic_weapon/Image_46', 'images/automatic_weapon/Image_47', 'images/automatic_weapon/Image_48', 'images/automatic_weapon/Image_49', 'images/automatic_weapon/Image_50']"
weapons/bladed_weapons,machete,"['images/machete/Image_1', 'images/machete/Image_2', 'images/machete/Image_3', 'images/machete/Image_4', 'images/machete/Image_5', 'images/machete/Image_6', 'images/machete/Image_7', 'images/machete/Image_8', 'images/machete/Image_9', 'images/machete/Image_10', 'images/machete/Image_11', 'images/machete/Image_12', 'images/machete/Image_13', 'images/machete/Image_14', 'images/machete/Image_15', 'images/machete/Image_16', 'images/machete/Image_17', 'images/machete/Image_18', 'images/machete/Image_19', 'images/machete/Image_20', 'images/machete/Image_21', 'images/machete/Image_22', 'images/machete/Image_23', 'images/machete/Image_24', 'images/machete/Image_25', 'images/machete/Image_26', 'images/machete/Image_27', 'images/machete/Image_28', 'images/machete/Image_29', 'images/machete/Image_30', 'images/machete/Image_31', 'images/machete/Image_32', 'images/machete/Image_33', 'images/machete/Image_34', 'images/machete/Image_35', 'images/machete/Image_36', 'images/machete/Image_37', 'images/machete/Image_38', 'images/machete/Image_39', 'images/machete/Image_40', 'images/machete/Image_41', 'images/machete/Image_42', 'images/machete/Image_43', 'images/machete/Image_44', 'images/machete/Image_45', 'images/machete/Image_46', 'images/machete/Image_47', 'images/machete/Image_48', 'images/machete/Image_49', 'images/machete/Image_50']"
weapons/bladed_weapons,knife,"['images/knife/Image_1', 'images/knife/Image_2', 'images/knife/Image_3', 'images/knife/Image_4', 'images/knife/Image_5', 'images/knife/Image_6', 'images/knife/Image_7', 'images/knife/Image_8', 'images/knife/Image_9', 'images/knife/Image_10', 'images/knife/Image_11', 'images/knife/Image_12', 'images/knife/Image_13', 'images/knife/Image_14', 'images/knife/Image_15', 'images/knife/Image_16', 'images/knife/Image_17', 'images/knife/Image_18', 'images/knife/Image_19', 'images/knife/Image_20', 'images/knife/Image_21', 'images/knife/Image_22', 'images/knife/Image_23', 'images/knife/Image_24', 'images/knife/Image_25', 'images/knife/Image_26', 'images/knife/Image_27', 'images/knife/Image_28', 'images/knife/Image_29', 'images/knife/Image_30', 'images/knife/Image_31', 'images/knife/Image_32', 'images/knife/Image_33', 'images/knife/Image_34', 'images/knife/Image_35', 'images/knife/Image_36', 'images/knife/Image_37', 'images/knife/Image_38', 'images/knife/Image_39', 'images/knife/Image_40', 'images/knife/Image_41', 'images/knife/Image_42', 'images/knife/Image_43', 'images/knife/Image_44', 'images/knife/Image_45', 'images/knife/Image_46', 'images/knife/Image_47', 'images/knife/Image_48', 'images/knife/Image_49', 'images/knife/Image_50']"
weapons/bladed_weapons,axe,"['images/axe/Image_1', 'images/axe/Image_2', 'images/axe/Image_3', 'images/axe/Image_4', 'images/axe/Image_5', 'images/axe/Image_6', 'images/axe/Image_7', 'images/axe/Image_8', 'images/axe/Image_9', 'images/axe/Image_10', 'images/axe/Image_11', 'images/axe/Image_12', 'images/axe/Image_13', 'images/axe/Image_14', 'images/axe/Image_15', 'images/axe/Image_16', 'images/axe/Image_17', 'images/axe/Image_18', 'images/axe/Image_19', 'images/axe/Image_20', 'images/axe/Image_21', 'images/axe/Image_22', 'images/axe/Image_23', 'images/axe/Image_24', 'images/axe/Image_25', 'images/axe/Image_26', 'images/axe/Image_27', 'images/axe/Image_28', 'images/axe/Image_29', 'images/axe/Image_30', 'images/axe/Image_31', 'images/axe/Image_32', 'images/axe/Image_33', 'images/axe/Image_34', 'images/axe/Image_35', 'images/axe/Image_36', 'images/axe/Image_37', 'images/axe/Image_38', 'images/axe/Image_39', 'images/axe/Image_40', 'images/axe/Image_41', 'images/axe/Image_42', 'images/axe/Image_43', 'images/axe/Image_44', 'images/axe/Image_45', 'images/axe/Image_46', 'images/axe/Image_47', 'images/axe/Image_48', 'images/axe/Image_49', 'images/axe/Image_50']"
hunting_tools/traps,steel_jaw_trap,"['images/steel_jaw_trap/Image_1', 'images/steel_jaw_trap/Image_2', 'images/steel_jaw_trap/Image_3', 'images/steel_jaw_trap/Image_4', 'images/steel_jaw_trap/Image_5', 'images/steel_jaw_trap/Image_6', 'images/steel_jaw_trap/Image_7', 'images/steel_jaw_trap/Image_8', 'images/steel_jaw_trap/Image_9', 'images/steel_jaw_trap/Image_10', 'images/steel_jaw_trap/Image_11', 'images/steel_jaw_trap/Image_12', 'images/steel_jaw_trap/Image_13', 'images/steel_jaw_trap/Image_14', 'images/steel_jaw_trap/Image_15', 'images/steel_jaw_trap/Image_16', 'images/steel_jaw_trap/Image_17', 'images/steel_jaw_trap/Image_18', 'images/steel_jaw_trap/Image_19', 'images/steel_jaw_trap/Image_20', 'images/steel_jaw_trap/Image_21', 'images/steel_jaw_trap/Image_22', 'images/steel_jaw_trap/Image_23', 'images/steel_jaw_trap/Image_24', 'images/steel_jaw_trap/Image_25', 'images/steel_jaw_trap/Image_26', 'images/steel_jaw_trap/Image_27', 'images/steel_jaw_trap/Image_28', 'images/steel_jaw_trap/Image_29', 'images/steel_jaw_trap/Image_30', 'images/steel_jaw_trap/Image_31', 'images/steel_jaw_trap/Image_32', 'images/steel_jaw_trap/Image_33', 'images/steel_jaw_trap/Image_34', 'images/steel_jaw_trap/Image_35', 'images/steel_jaw_trap/Image_36', 'images/steel_jaw_trap/Image_37', 'images/steel_jaw_trap/Image_38', 'images/steel_jaw_trap/Image_39', 'images/steel_jaw_trap/Image_40', 'images/steel_jaw_trap/Image_41', 'images/steel_jaw_trap/Image_42', 'images/steel_jaw_trap/Image_43', 'images/steel_jaw_trap/Image_44', 'images/steel_jaw_trap/Image_45', 'images/steel_jaw_trap/Image_46', 'images/steel_jaw_trap/Image_47', 'images/steel_jaw_trap/Image_48', 'images/steel_jaw_trap/Image_49', 'images/steel_jaw_trap/Image_50']"
hunting_tools/traps,cable_snare,"['images/cable_snare/Image_1', 'images/cable_snare/Image_2', 'images/cable_snare/Image_3', 'images/cable_snare/Image_4', 'images/cable_snare/Image_5', 'images/cable_snare/Image_6', 'images/cable_snare/Image_7', 'images/cable_snare/Image_8', 'images/cable_snare/Image_9', 'images/cable_snare/Image_10', 'images/cable_snare/Image_11', 'images/cable_snare/Image_12', 'images/cable_snare/Image_13', 'images/cable_snare/Image_14', 'images/cable_snare/Image_15', 'images/cable_snare/Image_16', 'images/cable_snare/Image_17', 'images/cable_snare/Image_18', 'images/cable_snare/Image_19', 'images/cable_snare/Image_20', 'images/cable_snare/Image_21', 'images/cable_snare/Image_22', 'images/cable_snare/Image_23', 'images/cable_snare/Image_24', 'images/cable_snare/Image_25', 'images/cable_snare/Image_26', 'images/cable_snare/Image_27', 'images/cable_snare/Image_28', 'images/cable_snare/Image_29', 'images/cable_snare/Image_30', 'images/cable_snare/Image_31', 'images/cable_snare/Image_32', 'images/cable_snare/Image_33', 'images/cable_snare/Image_34', 'images/cable_snare/Image_35', 'images/cable_snare/Image_36', 'images/cable_snare/Image_37', 'images/cable_snare/Image_38', 'images/cable_snare/Image_39', 'images/cable_snare/Image_40', 'images/cable_snare/Image_41', 'images/cable_snare/Image_42', 'images/cable_snare/Image_43', 'images/cable_snare/Image_44', 'images/cable_snare/Image_45', 'images/cable_snare/Image_46', 'images/cable_snare/Image_47', 'images/cable_snare/Image_48', 'images/cable_snare/Image_49', 'images/cable_snare/Image_50']"
hunting_tools/traps,pitfall_trap,"['images/pitfall_trap/Image_1', 'images/pitfall_trap/Image_2', 'images/pitfall_trap/Image_3', 'images/pitfall_trap/Image_4', 'images/pitfall_trap/Image_5', 'images/pitfall_trap/Image_6', 'images/pitfall_trap/Image_7', 'images/pitfall_trap/Image_8', 'images/pitfall_trap/Image_9', 'images/pitfall_trap/Image_10', 'images/pitfall_trap/Image_11', 'images/pitfall_trap/Image_12', 'images/pitfall_trap/Image_13', 'images/pitfall_trap/Image_14', 'images/pitfall_trap/Image_15', 'images/pitfall_trap/Image_16', 'images/pitfall_trap/Image_17', 'images/pitfall_trap/Image_18', 'images/pitfall_trap/Image_19', 'images/pitfall_trap/Image_20', 'images/pitfall_trap/Image_21', 'images/pitfall_trap/Image_22', 'images/pitfall_trap/Image_23', 'images/pitfall_trap/Image_24', 'images/pitfall_trap/Image_25', 'images/pitfall_trap/Image_26', 'images/pitfall_trap/Image_27', 'images/pitfall_trap/Image_28', 'images/pitfall_trap/Image_29', 'images/pitfall_trap/Image_30', 'images/pitfall_trap/Image_31', 'images/pitfall_trap/Image_32', 'images/pitfall_trap/Image_33', 'images/pitfall_trap/Image_34', 'images/pitfall_trap/Image_35', 'images/pitfall_trap/Image_36', 'images/pitfall_trap/Image_37', 'images/pitfall_trap/Image_38', 'images/pitfall_trap/Image_39', 'images/pitfall_trap/Image_40', 'images/pitfall_trap/Image_41', 'images/pitfall_trap/Image_42', 'images/pitfall_trap/Image_43', 'images/pitfall_trap/Image_44', 'images/pitfall_trap/Image_45', 'images/pitfall_trap/Image_46', 'images/pitfall_trap/Image_47', 'images/pitfall_trap/Image_48', 'images/pitfall_trap/Image_49', 'images/pitfall_trap/Image_50']"
hunting_tools/nets,bird_net,"['images/bird_net/Image_1', 'images/bird_net/Image_2', 'images/bird_net/Image_3', 'images/bird_net/Image_4', 'images/bird_net/Image_5', 'images/bird_net/Image_6', 'images/bird_net/Image_7', 'images/bird_net/Image_8', 'images/bird_net/Image_9', 'images/bird_net/Image_10', 'images/bird_net/Image_11', 'images/bird_net/Image_12', 'images/bird_net/Image_13', 'images/bird_net/Image_14', 'images/bird_net/Image_15', 'images/bird_net/Image_16', 'images/bird_net/Image_17', 'images/bird_net/Image_18', 'images/bird_net/Image_19', 'images/bird_net/Image_20', 'images/bird_net/Image_21', 'images/bird_net/Image_22', 'images/bird_net/Image_23', 'images/bird_net/Image_24', 'images/bird_net/Image_25', 'images/bird_net/Image_26', 'images/bird_net/Image_27', 'images/bird_net/Image_28', 'images/bird_net/Image_29', 'images/bird_net/Image_30', 'images/bird_net/Image_31', 'images/bird_net/Image_32', 'images/bird_net/Image_33', 'images/bird_net/Image_34', 'images/bird_net/Image_35', 'images/bird_net/Image_36', 'images/bird_net/Image_37', 'images/bird_net/Image_38', 'images/bird_net/Image_39', 'images/bird_net/Image_40', 'images/bird_net/Image_41', 'images/bird_net/Image_42', 'images/bird_net/Image_43', 'images/bird_net/Image_44', 'images/bird_net/Image_45', 'images/bird_net/Image_46', 'images/bird_net/Image_47', 'images/bird_net/Image_48', 'images/bird_net/Image_49', 'images/bird_net/Image_50']"
hunting_tools/spears_harpoons,spear,"['images/spear/Image_1', 'images/spear/Image_2', 'images/spear/Image_3', 'images/spear/Image_4', 'images/spear/Image_5', 'images/spear/Image_6', 'images/spear/Image_7', 'images/spear/Image_8', 'images/spear/Image_9', 'images/spear/Image_10', 'images/spear/Image_11', 'images/spear/Image_12', 'images/spear/Image_13', 'images/spear/Image_14', 'images/spear/Image_15', 'images/spear/Image_16', 'images/spear/Image_17', 'images/spear/Image_18', 'images/spear/Image_19', 'images/spear/Image_20', 'images/spear/Image_21', 'images/spear/Image_22', 'images/spear/Image_23', 'images/spear/Image_24', 'images/spear/Image_25', 'images/spear/Image_26', 'images/spear/Image_27', 'images/spear/Image_28', 'images/spear/Image_29', 'images/spear/Image_30', 'images/spear/Image_31', 'images/spear/Image_32', 'images/spear/Image_33', 'images/spear/Image_34', 'images/spear/Image_35', 'images/spear/Image_36', 'images/spear/Image_37', 'images/spear/Image_38', 'images/spear/Image_39', 'images/spear/Image_40', 'images/spear/Image_41', 'images/spear/Image_42', 'images/spear/Image_43', 'images/spear/Image_44', 'images/spear/Image_45', 'images/spear/Image_46', 'images/spear/Image_47', 'images/spear/Image_48', 'images/spear/Image_49', 'images/spear/Image_50']"
hunting_tools/spears_harpoons,harpoon,"['images/harpoon/Image_1', 'images/harpoon/Image_2', 'images/harpoon/Image_3', 'images/harpoon/Image_4', 'images/harpoon/Image_5', 'images/harpoon/Image_6', 'images/harpoon/Image_7', 'images/harpoon/Image_8', 'images/harpoon/Image_9', 'images/harpoon/Image_10', 'images/harpoon/Image_11', 'images/harpoon/Image_12', 'images/harpoon/Image_13', 'images/harpoon/Image_14', 'images/harpoon/Image_15', 'images/harpoon/Image_16', 'images/harpoon/Image_17', 'images/harpoon/Image_18', 'images/harpoon/Image_19', 'images/harpoon/Image_20', 'images/harpoon/Image_21', 'images/harpoon/Image_22', 'images/harpoon/Image_23', 'images/harpoon/Image_24', 'images/harpoon/Image_25', 'images/harpoon/Image_26', 'images/harpoon/Image_27', 'images/harpoon/Image_28', 'images/harpoon/Image_29', 'images/harpoon/Image_30', 'images/harpoon/Image_31', 'images/harpoon/Image_32', 'images/harpoon/Image_33', 'images/harpoon/Image_34', 'images/harpoon/Image_35', 'images/harpoon/Image_36', 'images/harpoon/Image_37', 'images/harpoon/Image_38', 'images/harpoon/Image_39', 'images/harpoon/Image_40', 'images/harpoon/Image_41', 'images/harpoon/Image_42', 'images/harpoon/Image_43', 'images/harpoon/Image_44', 'images/harpoon/Image_45', 'images/harpoon/Image_46', 'images/harpoon/Image_47', 'images/harpoon/Image_48', 'images/harpoon/Image_49', 'images/harpoon/Image_50']"
vehicles,off_road_vehicle,"['images/off_road_vehicle/Image_1', 'images/off_road_vehicle/Image_2', 'images/off_road_vehicle/Image_3', 'images/off_road_vehicle/Image_4', 'images/off_road_vehicle/Image_5', 'images/off_road_vehicle/Image_6', 'images/off_road_vehicle/Image_7', 'images/off_road_vehicle/Image_8', 'images/off_road_vehicle/Image_9', 'images/off_road_vehicle/Image_10', 'images/off_road_vehicle/Image_11', 'images/off_road_vehicle/Image_12', 'images/off_road_vehicle/Image_13', 'images/off_road_vehicle/Image_14', 'images/off_road_vehicle/Image_15', 'images/off_road_vehicle/Image_16', 'images/off_road_vehicle/Image_17', 'images/off_road_vehicle/Image_18', 'images/off_road_vehicle/Image_19', 'images/off_road_vehicle/Image_20', 'images/off_road_vehicle/Image_21', 'images/off_road_vehicle/Image_22', 'images/off_road_vehicle/Image_23', 'images/off_road_vehicle/Image_24', 'images/off_road_vehicle/Image_25', 'images/off_road_vehicle/Image_26', 'images/off_road_vehicle/Image_27', 'images/off_road_vehicle/Image_28', 'images/off_road_vehicle/Image_29', 'images/off_road_vehicle/Image_30', 'images/off_road_vehicle/Image_31', 'images/off_road_vehicle/Image_32', 'images/off_road_vehicle/Image_33', 'images/off_road_vehicle/Image_34', 'images/off_road_vehicle/Image_35', 'images/off_road_vehicle/Image_36', 'images/off_road_vehicle/Image_37', 'images/off_road_vehicle/Image_38', 'images/off_road_vehicle/Image_39', 'images/off_road_vehicle/Image_40', 'images/off_road_vehicle/Image_41', 'images/off_road_vehicle/Image_42', 'images/off_road_vehicle/Image_43', 'images/off_road_vehicle/Image_44', 'images/off_road_vehicle/Image_45', 'images/off_road_vehicle/Image_46', 'images/off_road_vehicle/Image_47', 'images/off_road_vehicle/Image_48', 'images/off_road_vehicle/Image_49', 'images/off_road_vehicle/Image_50']"
vehicles,motorbike,"['images/motorbike/Image_1', 'images/motorbike/Image_2', 'images/motorbike/Image_3', 'images/motorbike/Image_4', 'images/motorbike/Image_5', 'images/motorbike/Image_6', 'images/motorbike/Image_7', 'images/motorbike/Image_8', 'images/motorbike/Image_9', 'images/motorbike/Image_10', 'images/motorbike/Image_11', 'images/motorbike/Image_12', 'images/motorbike/Image_13', 'images/motorbike/Image_14', 'images/motorbike/Image_15', 'images/motorbike/Image_16', 'images/motorbike/Image_17', 'images/motorbike/Image_18', 'images/motorbike/Image_19', 'images/motorbike/Image_20', 'images/motorbike/Image_21', 'images/motorbike/Image_22', 'images/motorbike/Image_23', 'images/motorbike/Image_24', 'images/motorbike/Image_25', 'images/motorbike/Image_26', 'images/motorbike/Image_27', 'images/motorbike/Image_28', 'images/motorbike/Image_29', 'images/motorbike/Image_30', 'images/motorbike/Image_31', 'images/motorbike/Image_32', 'images/motorbike/Image_33', 'images/motorbike/Image_34', 'images/motorbike/Image_35', 'images/motorbike/Image_36', 'images/motorbike/Image_37', 'images/motorbike/Image_38', 'images/motorbike/Image_39', 'images/motorbike/Image_40', 'images/motorbike/Image_41', 'images/motorbike/Image_42', 'images/motorbike/Image_43', 'images/motorbike/Image_44', 'images/motorbike/Image_45', 'images/motorbike/Image_46', 'images/motorbike/Image_47', 'images/motorbike/Image_48', 'images/motorbike/Image_49', 'images/motorbike/Image_50']"
vehicles,boat,"['images/boat/Image_1', 'images/boat/Image_2', 'images/boat/Image_3', 'images/boat/Image_4', 'images/boat/Image_5', 'images/boat/Image_6', 'images/boat/Image_7', 'images/boat/Image_8', 'images/boat/Image_9', 'images/boat/Image_10', 'images/boat/Image_11', 'images/boat/Image_12', 'images/boat/Image_13', 'images/boat/Image_14', 'images/boat/Image_15', 'images/boat/Image_16', 'images/boat/Image_17', 'images/boat/Image_18', 'images/boat/Image_19', 'images/boat/Image_20', 'images/boat/Image_21', 'images/boat/Image_22', 'images/boat/Image_23', 'images/boat/Image_24', 'images/boat/Image_25', 'images/boat/Image_26', 'images/boat/Image_27', 'images/boat/Image_28', 'images/boat/Image_29', 'images/boat/Image_30', 'images/boat/Image_31', 'images/boat/Image_32', 'images/boat/Image_33', 'images/boat/Image_34', 'images/boat/Image_35', 'images/boat/Image_36', 'images/boat/Image_37', 'images/boat/Image_38', 'images/boat/Image_39', 'images/boat/Image_40', 'images/boat/Image_41', 'images/boat/Image_42', 'images/boat/Image_43', 'images/boat/Image_44', 'images/boat/Image_45', 'images/boat/Image_46', 'images/boat/Image_47', 'images/boat/Image_48', 'images/boat/Image_49', 'images/boat/Image_50']"
equipment,night_vision_equipment,"['images/night_vision_equipment/Image_1', 'images/night_vision_equipment/Image_2', 'images/night_vision_equipment/Image_3', 'images/night_vision_equipment/Image_4', 'images/night_vision_equipment/Image_5', 'images/night_vision_equipment/Image_6', 'images/night_vision_equipment/Image_7', 'images/night_vision_equipment/Image_8', 'images/night_vision_equipment/Image_9', 'images/night_vision_equipment/Image_10', 'images/night_vision_equipment/Image_11', 'images/night_vision_equipment/Image_12', 'images/night_vision_equipment/Image_13', 'images/night_vision_equipment/Image_14', 'images/night_vision_equipment/Image_15', 'images/night_vision_equipment/Image_16', 'images/night_vision_equipment/Image_17', 'images/night_vision_equipment/Image_18', 'images/night_vision_equipment/Image_19', 'images/night_vision_equipment/Image_20', 'images/night_vision_equipment/Image_21', 'images/night_vision_equipment/Image_22', 'images/night_vision_equipment/Image_23', 'images/night_vision_equipment/Image_24', 'images/night_vision_equipment/Image_25', 'images/night_vision_equipment/Image_26', 'images/night_vision_equipment/Image_27', 'images/night_vision_equipment/Image_28', 'images/night_vision_equipment/Image_29', 'images/night_vision_equipment/Image_30', 'images/night_vision_equipment/Image_31', 'images/night_vision_equipment/Image_32', 'images/night_vision_equipment/Image_33', 'images/night_vision_equipment/Image_34', 'images/night_vision_equipment/Image_35', 'images/night_vision_equipment/Image_36', 'images/night_vision_equipment/Image_37', 'images/night_vision_equipment/Image_38', 'images/night_vision_equipment/Image_39', 'images/night_vision_equipment/Image_40', 'images/night_vision_equipment/Image_41', 'images/night_vision_equipment/Image_42', 'images/night_vision_equipment/Image_43', 'images/night_vision_equipment/Image_44', 'images/night_vision_equipment/Image_45', 'images/night_vision_equipment/Image_46', 'images/night_vision_equipment/Image_47', 'images/night_vision_equipment/Image_48', 'images/night_vision_equipment/Image_49', 'images/night_vision_equipment/Image_50']"
equipment,thermal_imaging_equipment,"['images/thermal_imaging_equipment/Image_1', 'images/thermal_imaging_equipment/Image_2', 'images/thermal_imaging_equipment/Image_3', 'images/thermal_imaging_equipment/Image_4', 'images/thermal_imaging_equipment/Image_5', 'images/thermal_imaging_equipment/Image_6', 'images/thermal_imaging_equipment/Image_7', 'images/thermal_imaging_equipment/Image_8', 'images/thermal_imaging_equipment/Image_9', 'images/thermal_imaging_equipment/Image_10', 'images/thermal_imaging_equipment/Image_11', 'images/thermal_imaging_equipment/Image_12', 'images/thermal_imaging_equipment/Image_13', 'images/thermal_imaging_equipment/Image_14', 'images/thermal_imaging_equipment/Image_15', 'images/thermal_imaging_equipment/Image_16', 'images/thermal_imaging_equipment/Image_17', 'images/thermal_imaging_equipment/Image_18', 'images/thermal_imaging_equipment/Image_19', 'images/thermal_imaging_equipment/Image_20', 'images/thermal_imaging_equipment/Image_21', 'images/thermal_imaging_equipment/Image_22', 'images/thermal_imaging_equipment/Image_23', 'images/thermal_imaging_equipment/Image_24', 'images/thermal_imaging_equipment/Image_25', 'images/thermal_imaging_equipment/Image_26', 'images/thermal_imaging_equipment/Image_27', 'images/thermal_imaging_equipment/Image_28', 'images/thermal_imaging_equipment/Image_29', 'images/thermal_imaging_equipment/Image_30', 'images/thermal_imaging_equipment/Image_31', 'images/thermal_imaging_equipment/Image_32', 'images/thermal_imaging_equipment/Image_33', 'images/thermal_imaging_equipment/Image_34', 'images/thermal_imaging_equipment/Image_35', 'images/thermal_imaging_equipment/Image_36', 'images/thermal_imaging_equipment/Image_37', 'images/thermal_imaging_equipment/Image_38', 'images/thermal_imaging_equipment/Image_39', 'images/thermal_imaging_equipment/Image_40', 'images/thermal_imaging_equipment/Image_41', 'images/thermal_imaging_equipment/Image_42', 'images/thermal_imaging_equipment/Image_43', 'images/thermal_imaging_equipment/Image_44', 'images/thermal_imaging_equipment/Image_45', 'images/thermal_imaging_equipment/Image_46', 'images/thermal_imaging_equipment/Image_47', 'images/thermal_imaging_equipment/Image_48', 'images/thermal_imaging_equipment/Image_49', 'images/thermal_imaging_equipment/Image_50']"
camouflage_gear,camouflage_clothing,"['images/camouflage_clothing/Image_1', 'images/camouflage_clothing/Image_2', 'images/camouflage_clothing/Image_3', 'images/camouflage_clothing/Image_4', 'images/camouflage_clothing/Image_5', 'images/camouflage_clothing/Image_6', 'images/camouflage_clothing/Image_7', 'images/camouflage_clothing/Image_8', 'images/camouflage_clothing/Image_9', 'images/camouflage_clothing/Image_10', 'images/camouflage_clothing/Image_11', 'images/camouflage_clothing/Image_12', 'images/camouflage_clothing/Image_13', 'images/camouflage_clothing/Image_14', 'images/camouflage_clothing/Image_15', 'images/camouflage_clothing/Image_16', 'images/camouflage_clothing/Image_17', 'images/camouflage_clothing/Image_18', 'images/camouflage_clothing/Image_19', 'images/camouflage_clothing/Image_20', 'images/camouflage_clothing/Image_21', 'images/camouflage_clothing/Image_22', 'images/camouflage_clothing/Image_23', 'images/camouflage_clothing/Image_24', 'images/camouflage_clothing/Image_25', 'images/camouflage_clothing/Image_26', 'images/camouflage_clothing/Image_27', 'images/camouflage_clothing/Image_28', 'images/camouflage_clothing/Image_29', 'images/camouflage_clothing/Image_30', 'images/camouflage_clothing/Image_31', 'images/camouflage_clothing/Image_32', 'images/camouflage_clothing/Image_33', 'images/camouflage_clothing/Image_34', 'images/camouflage_clothing/Image_35', 'images/camouflage_clothing/Image_36', 'images/camouflage_clothing/Image_37', 'images/camouflage_clothing/Image_38', 'images/camouflage_clothing/Image_39', 'images/camouflage_clothing/Image_40', 'images/camouflage_clothing/Image_41', 'images/camouflage_clothing/Image_42', 'images/camouflage_clothing/Image_43', 'images/camouflage_clothing/Image_44', 'images/camouflage_clothing/Image_45', 'images/camouflage_clothing/Image_46', 'images/camouflage_clothing/Image_47', 'images/camouflage_clothing/Image_48', 'images/camouflage_clothing/Image_49', 'images/camouflage_clothing/Image_50']"
camouflage_gear,camouflage_tent,"['images/camouflage_tent/Image_1', 'images/camouflage_tent/Image_2', 'images/camouflage_tent/Image_3', 'images/camouflage_tent/Image_4', 'images/camouflage_tent/Image_5', 'images/camouflage_tent/Image_6', 'images/camouflage_tent/Image_7', 'images/camouflage_tent/Image_8', 'images/camouflage_tent/Image_9', 'images/camouflage_tent/Image_10', 'images/camouflage_tent/Image_11', 'images/camouflage_tent/Image_12', 'images/camouflage_tent/Image_13', 'images/camouflage_tent/Image_14', 'images/camouflage_tent/Image_15', 'images/camouflage_tent/Image_16', 'images/camouflage_tent/Image_17', 'images/camouflage_tent/Image_18', 'images/camouflage_tent/Image_19', 'images/camouflage_tent/Image_20', 'images/camouflage_tent/Image_21', 'images/camouflage_tent/Image_22', 'images/camouflage_tent/Image_23', 'images/camouflage_tent/Image_24', 'images/camouflage_tent/Image_25', 'images/camouflage_tent/Image_26', 'images/camouflage_tent/Image_27', 'images/camouflage_tent/Image_28', 'images/camouflage_tent/Image_29', 'images/camouflage_tent/Image_30', 'images/camouflage_tent/Image_31', 'images/camouflage_tent/Image_32', 'images/camouflage_tent/Image_33', 'images/camouflage_tent/Image_34', 'images/camouflage_tent/Image_35', 'images/camouflage_tent/Image_36', 'images/camouflage_tent/Image_37', 'images/camouflage_tent/Image_38', 'images/camouflage_tent/Image_39', 'images/camouflage_tent/Image_40', 'images/camouflage_tent/Image_41', 'images/camouflage_tent/Image_42', 'images/camouflage_tent/Image_43', 'images/camouflage_tent/Image_44', 'images/camouflage_tent/Image_45', 'images/camouflage_tent/Image_46', 'images/camouflage_tent/Image_47', 'images/camouflage_tent/Image_48', 'images/camouflage_tent/Image_49', 'images/camouflage_tent/Image_50']"
camouflage_gear,camouflage_hide,"['images/camouflage_hide/Image_1', 'images/camouflage_hide/Image_2', 'images/camouflage_hide/Image_3', 'images/camouflage_hide/Image_4', 'images/camouflage_hide/Image_5', 'images/camouflage_hide/Image_6', 'images/camouflage_hide/Image_7', 'images/camouflage_hide/Image_8', 'images/camouflage_hide/Image_9', 'images/camouflage_hide/Image_10', 'images/camouflage_hide/Image_11', 'images/camouflage_hide/Image_12', 'images/camouflage_hide/Image_13', 'images/camouflage_hide/Image_14', 'images/camouflage_hide/Image_15', 'images/camouflage_hide/Image_16', 'images/camouflage_hide/Image_17', 'images/camouflage_hide/Image_18', 'images/camouflage_hide/Image_19', 'images/camouflage_hide/Image_20', 'images/camouflage_hide/Image_21', 'images/camouflage_hide/Image_22', 'images/camouflage_hide/Image_23', 'images/camouflage_hide/Image_24', 'images/camouflage_hide/Image_25', 'images/camouflage_hide/Image_26', 'images/camouflage_hide/Image_27', 'images/camouflage_hide/Image_28', 'images/camouflage_hide/Image_29', 'images/camouflage_hide/Image_30', 'images/camouflage_hide/Image_31', 'images/camouflage_hide/Image_32', 'images/camouflage_hide/Image_33', 'images/camouflage_hide/Image_34', 'images/camouflage_hide/Image_35', 'images/camouflage_hide/Image_36', 'images/camouflage_hide/Image_37', 'images/camouflage_hide/Image_38', 'images/camouflage_hide/Image_39', 'images/camouflage_hide/Image_40', 'images/camouflage_hide/Image_41', 'images/camouflage_hide/Image_42', 'images/camouflage_hide/Image_43', 'images/camouflage_hide/Image_44', 'images/camouflage_hide/Image_45', 'images/camouflage_hide/Image_46', 'images/camouflage_hide/Image_47', 'images/camouflage_hide/Image_48', 'images/camouflage_hide/Image_49', 'images/camouflage_hide/Image_50']"
animal_parts/carcasses,animal_carcass,"['images/animal_carcass/Image_1', 'images/animal_carcass/Image_2', 'images/animal_carcass/Image_3', 'images/animal_carcass/Image_4', 'images/animal_carcass/Image_5', 'images/animal_carcass/Image_6', 'images/animal_carcass/Image_7', 'images/animal_carcass/Image_8', 'images/animal_carcass/Image_9', 'images/animal_carcass/Image_10', 'images/animal_carcass/Image_11', 'images/animal_carcass/Image_12', 'images/animal_carcass/Image_13', 'images/animal_carcass/Image_14', 'images/animal_carcass/Image_15', 'images/animal_carcass/Image_16', 'images/animal_carcass/Image_17', 'images/animal_carcass/Image_18', 'images/animal_carcass/Image_19', 'images/animal_carcass/Image_20', 'images/animal_carcass/Image_21', 'images/animal_carcass/Image_22', 'images/animal_carcass/Image_23', 'images/animal_carcass/Image_24', 'images/animal_carcass/Image_25', 'images/animal_carcass/Image_26', 'images/animal_carcass/Image_27', 'images/animal_carcass/Image_28', 'images/animal_carcass/Image_29', 'images/animal_carcass/Image_30', 'images/animal_carcass/Image_31', 'images/animal_carcass/Image_32', 'images/animal_carcass/Image_33', 'images/animal_carcass/Image_34', 'images/animal_carcass/Image_35', 'images/animal_carcass/Image_36', 'images/animal_carcass/Image_37', 'images/animal_carcass/Image_38', 'images/animal_carcass/Image_39', 'images/animal_carcass/Image_40', 'images/animal_carcass/Image_41', 'images/animal_carcass/Image_42', 'images/animal_carcass/Image_43', 'images/animal_carcass/Image_44', 'images/animal_carcass/Image_45', 'images/animal_carcass/Image_46', 'images/animal_carcass/Image_47', 'images/animal_carcass/Image_48', 'images/animal_carcass/Image_49', 'images/animal_carcass/Image_50']"
animal_parts/carcasses,animal_skin,"['images/animal_skin/Image_1', 'images/animal_skin/Image_2', 'images/animal_skin/Image_3', 'images/animal_skin/Image_4', 'images/animal_skin/Image_5', 'images/animal_skin/Image_6', 'images/animal_skin/Image_7', 'images/animal_skin/Image_8', 'images/animal_skin/Image_9', 'images/animal_skin/Image_10', 'images/animal_skin/Image_11', 'images/animal_skin/Image_12', 'images/animal_skin/Image_13', 'images/animal_skin/Image_14', 'images/animal_skin/Image_15', 'images/animal_skin/Image_16', 'images/animal_skin/Image_17', 'images/animal_skin/Image_18', 'images/animal_skin/Image_19', 'images/animal_skin/Image_20', 'images/animal_skin/Image_21', 'images/animal_skin/Image_22', 'images/animal_skin/Image_23', 'images/animal_skin/Image_24', 'images/animal_skin/Image_25', 'images/animal_skin/Image_26', 'images/animal_skin/Image_27', 'images/animal_skin/Image_28', 'images/animal_skin/Image_29', 'images/animal_skin/Image_30', 'images/animal_skin/Image_31', 'images/animal_skin/Image_32', 'images/animal_skin/Image_33', 'images/animal_skin/Image_34', 'images/animal_skin/Image_35', 'images/animal_skin/Image_36', 'images/animal_skin/Image_37', 'images/animal_skin/Image_38', 'images/animal_skin/Image_39', 'images/animal_skin/Image_40', 'images/animal_skin/Image_41', 'images/animal_skin/Image_42', 'images/animal_skin/Image_43', 'images/animal_skin/Image_44', 'images/animal_skin/Image_45', 'images/animal_skin/Image_46', 'images/animal_skin/Image_47', 'images/animal_skin/Image_48', 'images/animal_skin/Image_49', 'images/animal_skin/Image_50']"
animal_parts/body_parts,ivory,"['images/ivory/Image_1', 'images/ivory/Image_2', 'images/ivory/Image_3', 'images/ivory/Image_4', 'images/ivory/Image_5', 'images/ivory/Image_6', 'images/ivory/Image_7', 'images/ivory/Image_8', 'images/ivory/Image_9', 'images/ivory/Image_10', 'images/ivory/Image_11', 'images/ivory/Image_12', 'images/ivory/Image_13', 'images/ivory/Image_14', 'images/ivory/Image_15', 'images/ivory/Image_16', 'images/ivory/Image_17', 'images/ivory/Image_18', 'images/ivory/Image_19', 'images/ivory/Image_20', 'images/ivory/Image_21', 'images/ivory/Image_22', 'images/ivory/Image_23', 'images/ivory/Image_24', 'images/ivory/Image_25', 'images/ivory/Image_26', 'images/ivory/Image_27', 'images/ivory/Image_28', 'images/ivory/Image_29', 'images/ivory/Image_30', 'images/ivory/Image_31', 'images/ivory/Image_32', 'images/ivory/Image_33', 'images/ivory/Image_34', 'images/ivory/Image_35', 'images/ivory/Image_36', 'images/ivory/Image_37', 'images/ivory/Image_38', 'images/ivory/Image_39', 'images/ivory/Image_40', 'images/ivory/Image_41', 'images/ivory/Image_42', 'images/ivory/Image_43', 'images/ivory/Image_44', 'images/ivory/Image_45', 'images/ivory/Image_46', 'images/ivory/Image_47', 'images/ivory/Image_48', 'images/ivory/Image_49', 'images/ivory/Image_50']"
animal_parts/body_parts,rhino_horn,"['images/rhino_horn/Image_1', 'images/rhino_horn/Image_2', 'images/rhino_horn/Image_3', 'images/rhino_horn/Image_4', 'images/rhino_horn/Image_5', 'images/rhino_horn/Image_6', 'images/rhino_horn/Image_7', 'images/rhino_horn/Image_8', 'images/rhino_horn/Image_9', 'images/rhino_horn/Image_10', 'images/rhino_horn/Image_11', 'images/rhino_horn/Image_12', 'images/rhino_horn/Image_13', 'images/rhino_horn/Image_14', 'images/rhino_horn/Image_15', 'images/rhino_horn/Image_16', 'images/rhino_horn/Image_17', 'images/rhino_horn/Image_18', 'images/rhino_horn/Image_19', 'images/rhino_horn/Image_20', 'images/rhino_horn/Image_21', 'images/rhino_horn/Image_22', 'images/rhino_horn/Image_23', 'images/rhino_horn/Image_24', 'images/rhino_horn/Image_25', 'images/rhino_horn/Image_26', 'images/rhino_horn/Image_27', 'images/rhino_horn/Image_28', 'images/rhino_horn/Image_29', 'images/rhino_horn/Image_30', 'images/rhino_horn/Image_31', 'images/rhino_horn/Image_32', 'images/rhino_horn/Image_33', 'images/rhino_horn/Image_34', 'images/rhino_horn/Image_35', 'images/rhino_horn/Image_36', 'images/rhino_horn/Image_37', 'images/rhino_horn/Image_38', 'images/rhino_horn/Image_39', 'images/rhino_horn/Image_40', 'images/rhino_horn/Image_41', 'images/rhino_horn/Image_42', 'images/rhino_horn/Image_43', 'images/rhino_horn/Image_44', 'images/rhino_horn/Image_45', 'images/rhino_horn/Image_46', 'images/rhino_horn/Image_47', 'images/rhino_horn/Image_48', 'images/rhino_horn/Image_49', 'images/rhino_horn/Image_50']"
animal_parts/body_parts,tiger_bone,"['images/tiger_bone/Image_1', 'images/tiger_bone/Image_2', 'images/tiger_bone/Image_3', 'images/tiger_bone/Image_4', 'images/tiger_bone/Image_5', 'images/tiger_bone/Image_6', 'images/tiger_bone/Image_7', 'images/tiger_bone/Image_8', 'images/tiger_bone/Image_9', 'images/tiger_bone/Image_10', 'images/tiger_bone/Image_11', 'images/tiger_bone/Image_12', 'images/tiger_bone/Image_13', 'images/tiger_bone/Image_14', 'images/tiger_bone/Image_15', 'images/tiger_bone/Image_16', 'images/tiger_bone/Image_17', 'images/tiger_bone/Image_18', 'images/tiger_bone/Image_19', 'images/tiger_bone/Image_20', 'images/tiger_bone/Image_21', 'images/tiger_bone/Image_22', 'images/tiger_bone/Image_23', 'images/tiger_bone/Image_24', 'images/tiger_bone/Image_25', 'images/tiger_bone/Image_26', 'images/tiger_bone/Image_27', 'images/tiger_bone/Image_28', 'images/tiger_bone/Image_29', 'images/tiger_bone/Image_30', 'images/tiger_bone/Image_31', 'images/tiger_bone/Image_32', 'images/tiger_bone/Image_33', 'images/tiger_bone/Image_34', 'images/tiger_bone/Image_35', 'images/tiger_bone/Image_36', 'images/tiger_bone/Image_37', 'images/tiger_bone/Image_38', 'images/tiger_bone/Image_39', 'images/tiger_bone/Image_40', 'images/tiger_bone/Image_41', 'images/tiger_bone/Image_42', 'images/tiger_bone/Image_43', 'images/tiger_bone/Image_44', 'images/tiger_bone/Image_45', 'images/tiger_bone/Image_46', 'images/tiger_bone/Image_47', 'images/tiger_bone/Image_48', 'images/tiger_bone/Image_49', 'images/tiger_bone/Image_50']"
animal_parts/body_parts,shark_fin,"['images/shark_fin/Image_1', 'images/shark_fin/Image_2', 'images/shark_fin/Image_3', 'images/shark_fin/Image_4', 'images/shark_fin/Image_5', 'images/shark_fin/Image_6', 'images/shark_fin/Image_7', 'images/shark_fin/Image_8', 'images/shark_fin/Image_9', 'images/shark_fin/Image_10', 'images/shark_fin/Image_11', 'images/shark_fin/Image_12', 'images/shark_fin/Image_13', 'images/shark_fin/Image_14', 'images/shark_fin/Image_15', 'images/shark_fin/Image_16', 'images/shark_fin/Image_17', 'images/shark_fin/Image_18', 'images/shark_fin/Image_19', 'images/shark_fin/Image_20', 'images/shark_fin/Image_21', 'images/shark_fin/Image_22', 'images/shark_fin/Image_23', 'images/shark_fin/Image_24', 'images/shark_fin/Image_25', 'images/shark_fin/Image_26', 'images/shark_fin/Image_27', 'images/shark_fin/Image_28', 'images/shark_fin/Image_29', 'images/shark_fin/Image_30', 'images/shark_fin/Image_31', 'images/shark_fin/Image_32', 'images/shark_fin/Image_33', 'images/shark_fin/Image_34', 'images/shark_fin/Image_35', 'images/shark_fin/Image_36', 'images/shark_fin/Image_37', 'images/shark_fin/Image_38', 'images/shark_fin/Image_39', 'images/shark_fin/Image_40', 'images/shark_fin/Image_41', 'images/shark_fin/Image_42', 'images/shark_fin/Image_43', 'images/shark_fin/Image_44', 'images/shark_fin/Image_45', 'images/shark_fin/Image_46', 'images/shark_fin/Image_47', 'images/shark_fin/Image_48', 'images/shark_fin/Image_49', 'images/shark_fin/Image_50']"
animal_parts/body_parts,bear_paw,"['images/bear_paw/Image_1', 'images/bear_paw/Image_2', 'images/bear_paw/Image_3', 'images/bear_paw/Image_4', 'images/bear_paw/Image_5', 'images/bear_paw/Image_6', 'images/bear_paw/Image_7', 'images/bear_paw/Image_8', 'images/bear_paw/Image_9', 'images/bear_paw/Image_10', 'images/bear_paw/Image_11', 'images/bear_paw/Image_12', 'images/bear_paw/Image_13', 'images/bear_paw/Image_14', 'images/bear_paw/Image_15', 'images/bear_paw/Image_16', 'images/bear_paw/Image_17', 'images/bear_paw/Image_18', 'images/bear_paw/Image_19', 'images/bear_paw/Image_20', 'images/bear_paw/Image_21', 'images/bear_paw/Image_22', 'images/bear_paw/Image_23', 'images/bear_paw/Image_24', 'images/bear_paw/Image_25', 'images/bear_paw/Image_26', 'images/bear_paw/Image_27', 'images/bear_paw/Image_28', 'images/bear_paw/Image_29', 'images/bear_paw/Image_30', 'images/bear_paw/Image_31', 'images/bear_paw/Image_32', 'images/bear_paw/Image_33', 'images/bear_paw/Image_34', 'images/bear_paw/Image_35', 'images/bear_paw/Image_36', 'images/bear_paw/Image_37', 'images/bear_paw/Image_38', 'images/bear_paw/Image_39', 'images/bear_paw/Image_40', 'images/bear_paw/Image_41', 'images/bear_paw/Image_42', 'images/bear_paw/Image_43', 'images/bear_paw/Image_44', 'images/bear_paw/Image_45', 'images/bear_paw/Image_46', 'images/bear_paw/Image_47', 'images/bear_paw/Image_48', 'images/bear_paw/Image_49', 'images/bear_paw/Image_50']"
animal_parts/processed_products,animal_fur_product,"['images/animal_fur_product/Image_1', 'images/animal_fur_product/Image_2', 'images/animal_fur_product/Image_3', 'images/animal_fur_product/Image_4', 'images/animal_fur_product/Image_5', 'images/animal_fur_product/Image_6', 'images/animal_fur_product/Image_7', 'images/animal_fur_product/Image_8', 'images/animal_fur_product/Image_9', 'images/animal_fur_product/Image_10', 'images/animal_fur_product/Image_11', 'images/animal_fur_product/Image_12', 'images/animal_fur_product/Image_13', 'images/animal_fur_product/Image_14', 'images/animal_fur_product/Image_15', 'images/animal_fur_product/Image_16', 'images/animal_fur_product/Image_17', 'images/animal_fur_product/Image_18', 'images/animal_fur_product/Image_19', 'images/animal_fur_product/Image_20', 'images/animal_fur_product/Image_21', 'images/animal_fur_product/Image_22', 'images/animal_fur_product/Image_23', 'images/animal_fur_product/Image_24', 'images/animal_fur_product/Image_25', 'images/animal_fur_product/Image_26', 'images/animal_fur_product/Image_27', 'images/animal_fur_product/Image_28', 'images/animal_fur_product/Image_29', 'images/animal_fur_product/Image_30', 'images/animal_fur_product/Image_31', 'images/animal_fur_product/Image_32', 'images/animal_fur_product/Image_33', 'images/animal_fur_product/Image_34', 'images/animal_fur_product/Image_35', 'images/animal_fur_product/Image_36', 'images/animal_fur_product/Image_37', 'images/animal_fur_product/Image_38', 'images/animal_fur_product/Image_39', 'images/animal_fur_product/Image_40', 'images/animal_fur_product/Image_41', 'images/animal_fur_product/Image_42', 'images/animal_fur_product/Image_43', 'images/animal_fur_product/Image_44', 'images/animal_fur_product/Image_45', 'images/animal_fur_product/Image_46', 'images/animal_fur_product/Image_47', 'images/animal_fur_product/Image_48', 'images/animal_fur_product/Image_49', 'images/animal_fur_product/Image_50']"
animal_parts/processed_products,leather_product,"['images/leather_product/Image_1', 'images/leather_product/Image_2', 'images/leather_product/Image_3', 'images/leather_product/Image_4', 'images/leather_product/Image_5', 'images/leather_product/Image_6', 'images/leather_product/Image_7', 'images/leather_product/Image_8', 'images/leather_product/Image_9', 'images/leather_product/Image_10', 'images/leather_product/Image_11', 'images/leather_product/Image_12', 'images/leather_product/Image_13', 'images/leather_product/Image_14', 'images/leather_product/Image_15', 'images/leather_product/Image_16', 'images/leather_product/Image_17', 'images/leather_product/Image_18', 'images/leather_product/Image_19', 'images/leather_product/Image_20', 'images/leather_product/Image_21', 'images/leather_product/Image_22', 'images/leather_product/Image_23', 'images/leather_product/Image_24', 'images/leather_product/Image_25', 'images/leather_product/Image_26', 'images/leather_product/Image_27', 'images/leather_product/Image_28', 'images/leather_product/Image_29', 'images/leather_product/Image_30', 'images/leather_product/Image_31', 'images/leather_product/Image_32', 'images/leather_product/Image_33', 'images/leather_product/Image_34', 'images/leather_product/Image_35', 'images/leather_product/Image_36', 'images/leather_product/Image_37', 'images/leather_product/Image_38', 'images/leather_product/Image_39', 'images/leather_product/Image_40', 'images/leather_product/Image_41', 'images/leather_product/Image_42', 'images/leather_product/Image_43', 'images/leather_product/Image_44', 'images/leather_product/Image_45', 'images/leather_product/Image_46', 'images/leather_product/Image_47', 'images/leather_product/Image_48', 'images/leather_product/Image_49', 'images/leather_product/Image_50']"
animal_parts/processed_products,traditional_medicine_ingredient,"['images/traditional_medicine_ingredient/Image_1', 'images/traditional_medicine_ingredient/Image_2', 'images/traditional_medicine_ingredient/Image_3', 'images/traditional_medicine_ingredient/Image_4', 'images/traditional_medicine_ingredient/Image_5', 'images/traditional_medicine_ingredient/Image_6', 'images/traditional_medicine_ingredient/Image_7', 'images/traditional_medicine_ingredient/Image_8', 'images/traditional_medicine_ingredient/Image_9', 'images/traditional_medicine_ingredient/Image_10', 'images/traditional_medicine_ingredient/Image_11', 'images/traditional_medicine_ingredient/Image_12', 'images/traditional_medicine_ingredient/Image_13', 'images/traditional_medicine_ingredient/Image_14', 'images/traditional_medicine_ingredient/Image_15', 'images/traditional_medicine_ingredient/Image_16', 'images/traditional_medicine_ingredient/Image_17', 'images/traditional_medicine_ingredient/Image_18', 'images/traditional_medicine_ingredient/Image_19', 'images/traditional_medicine_ingredient/Image_20', 'images/traditional_medicine_ingredient/Image_21', 'images/traditional_medicine_ingredient/Image_22', 'images/traditional_medicine_ingredient/Image_23', 'images/traditional_medicine_ingredient/Image_24', 'images/traditional_medicine_ingredient/Image_25', 'images/traditional_medicine_ingredient/Image_26', 'images/traditional_medicine_ingredient/Image_27', 'images/traditional_medicine_ingredient/Image_28', 'images/traditional_medicine_ingredient/Image_29', 'images/traditional_medicine_ingredient/Image_30', 'images/traditional_medicine_ingredient/Image_31', 'images/traditional_medicine_ingredient/Image_32', 'images/traditional_medicine_ingredient/Image_33', 'images/traditional_medicine_ingredient/Image_34', 'images/traditional_medicine_ingredient/Image_35', 'images/traditional_medicine_ingredient/Image_36', 'images/traditional_medicine_ingredient/Image_37', 'images/traditional_medicine_ingredient/Image_38', 'images/traditional_medicine_ingredient/Image_39', 'images/traditional_medicine_ingredient/Image_40', 'images/traditional_medicine_ingredient/Image_41', 'images/traditional_medicine_ingredient/Image_42', 'images/traditional_medicine_ingredient/Image_43', 'images/traditional_medicine_ingredient/Image_44', 'images/traditional_medicine_ingredient/Image_45', 'images/traditional_medicine_ingredient/Image_46', 'images/traditional_medicine_ingredient/Image_47', 'images/traditional_medicine_ingredient/Image_48', 'images/traditional_medicine_ingredient/Image_49', 'images/traditional_medicine_ingredient/Image_50']"
miscellaneous/containers,cooler,"['images/cooler/Image_1', 'images/cooler/Image_2', 'images/cooler/Image_3', 'images/cooler/Image_4', 'images/cooler/Image_5', 'images/cooler/Image_6', 'images/cooler/Image_7', 'images/cooler/Image_8', 'images/cooler/Image_9', 'images/cooler/Image_10', 'images/cooler/Image_11', 'images/cooler/Image_12', 'images/cooler/Image_13', 'images/cooler/Image_14', 'images/cooler/Image_15', 'images/cooler/Image_16', 'images/cooler/Image_17', 'images/cooler/Image_18', 'images/cooler/Image_19', 'images/cooler/Image_20', 'images/cooler/Image_21', 'images/cooler/Image_22', 'images/cooler/Image_23', 'images/cooler/Image_24', 'images/cooler/Image_25', 'images/cooler/Image_26', 'images/cooler/Image_27', 'images/cooler/Image_28', 'images/cooler/Image_29', 'images/cooler/Image_30', 'images/cooler/Image_31', 'images/cooler/Image_32', 'images/cooler/Image_33', 'images/cooler/Image_34', 'images/cooler/Image_35', 'images/cooler/Image_36', 'images/cooler/Image_37', 'images/cooler/Image_38', 'images/cooler/Image_39', 'images/cooler/Image_40', 'images/cooler/Image_41', 'images/cooler/Image_42', 'images/cooler/Image_43', 'images/cooler/Image_44', 'images/cooler/Image_45', 'images/cooler/Image_46', 'images/cooler/Image_47', 'images/cooler/Image_48', 'images/cooler/Image_49', 'images/cooler/Image_50']"
miscellaneous/containers,large_sack,"['images/large_sack/Image_1', 'images/large_sack/Image_2', 'images/large_sack/Image_3', 'images/large_sack/Image_4', 'images/large_sack/Image_5', 'images/large_sack/Image_6', 'images/large_sack/Image_7', 'images/large_sack/Image_8', 'images/large_sack/Image_9', 'images/large_sack/Image_10', 'images/large_sack/Image_11', 'images/large_sack/Image_12', 'images/large_sack/Image_13', 'images/large_sack/Image_14', 'images/large_sack/Image_15', 'images/large_sack/Image_16', 'images/large_sack/Image_17', 'images/large_sack/Image_18', 'images/large_sack/Image_19', 'images/large_sack/Image_20', 'images/large_sack/Image_21', 'images/large_sack/Image_22', 'images/large_sack/Image_23', 'images/large_sack/Image_24', 'images/large_sack/Image_25', 'images/large_sack/Image_26', 'images/large_sack/Image_27', 'images/large_sack/Image_28', 'images/large_sack/Image_29', 'images/large_sack/Image_30', 'images/large_sack/Image_31', 'images/large_sack/Image_32', 'images/large_sack/Image_33', 'images/large_sack/Image_34', 'images/large_sack/Image_35', 'images/large_sack/Image_36', 'images/large_sack/Image_37', 'images/large_sack/Image_38', 'images/large_sack/Image_39', 'images/large_sack/Image_40', 'images/large_sack/Image_41', 'images/large_sack/Image_42', 'images/large_sack/Image_43', 'images/large_sack/Image_44', 'images/large_sack/Image_45', 'images/large_sack/Image_46', 'images/large_sack/Image_47', 'images/large_sack/Image_48', 'images/large_sack/Image_49', 'images/large_sack/Image_50']"
miscellaneous/containers,bag,"['images/bag/Image_1', 'images/bag/Image_2', 'images/bag/Image_3', 'images/bag/Image_4', 'images/bag/Image_5', 'images/bag/Image_6', 'images/bag/Image_7', 'images/bag/Image_8', 'images/bag/Image_9', 'images/bag/Image_10', 'images/bag/Image_11', 'images/bag/Image_12', 'images/bag/Image_13', 'images/bag/Image_14', 'images/bag/Image_15', 'images/bag/Image_16', 'images/bag/Image_17', 'images/bag/Image_18', 'images/bag/Image_19', 'images/bag/Image_20', 'images/bag/Image_21', 'images/bag/Image_22', 'images/bag/Image_23', 'images/bag/Image_24', 'images/bag/Image_25', 'images/bag/Image_26', 'images/bag/Image_27', 'images/bag/Image_28', 'images/bag/Image_29', 'images/bag/Image_30', 'images/bag/Image_31', 'images/bag/Image_32', 'images/bag/Image_33', 'images/bag/Image_34', 'images/bag/Image_35', 'images/bag/Image_36', 'images/bag/Image_37', 'images/bag/Image_38', 'images/bag/Image_39', 'images/bag/Image_40', 'images/bag/Image_41', 'images/bag/Image_42', 'images/bag/Image_43', 'images/bag/Image_44', 'images/bag/Image_45', 'images/bag/Image_46', 'images/bag/Image_47', 'images/bag/Image_48', 'images/bag/Image_49', 'images/bag/Image_50']"
miscellaneous/poison,poison_container,"['images/poison_container/Image_1', 'images/poison_container/Image_2', 'images/poison_container/Image_3', 'images/poison_container/Image_4', 'images/poison_container/Image_5', 'images/poison_container/Image_6', 'images/poison_container/Image_7', 'images/poison_container/Image_8', 'images/poison_container/Image_9', 'images/poison_container/Image_10', 'images/poison_container/Image_11', 'images/poison_container/Image_12', 'images/poison_container/Image_13', 'images/poison_container/Image_14', 'images/poison_container/Image_15', 'images/poison_container/Image_16', 'images/poison_container/Image_17', 'images/poison_container/Image_18', 'images/poison_container/Image_19', 'images/poison_container/Image_20', 'images/poison_container/Image_21', 'images/poison_container/Image_22', 'images/poison_container/Image_23', 'images/poison_container/Image_24', 'images/poison_container/Image_25', 'images/poison_container/Image_26', 'images/poison_container/Image_27', 'images/poison_container/Image_28', 'images/poison_container/Image_29', 'images/poison_container/Image_30', 'images/poison_container/Image_31', 'images/poison_container/Image_32', 'images/poison_container/Image_33', 'images/poison_container/Image_34', 'images/poison_container/Image_35', 'images/poison_container/Image_36', 'images/poison_container/Image_37', 'images/poison_container/Image_38', 'images/poison_container/Image_39', 'images/poison_container/Image_40', 'images/poison_container/Image_41', 'images/poison_container/Image_42', 'images/poison_container/Image_43', 'images/poison_container/Image_44', 'images/poison_container/Image_45', 'images/poison_container/Image_46', 'images/poison_container/Image_47', 'images/poison_container/Image_48', 'images/poison_container/Image_49', 'images/poison_container/Image_50']"
fishing_gear,dynamite,"['images/dynamite/Image_1', 'images/dynamite/Image_2', 'images/dynamite/Image_3', 'images/dynamite/Image_4', 'images/dynamite/Image_5', 'images/dynamite/Image_6', 'images/dynamite/Image_7', 'images/dynamite/Image_8', 'images/dynamite/Image_9', 'images/dynamite/Image_10', 'images/dynamite/Image_11', 'images/dynamite/Image_12', 'images/dynamite/Image_13', 'images/dynamite/Image_14', 'images/dynamite/Image_15', 'images/dynamite/Image_16', 'images/dynamite/Image_17', 'images/dynamite/Image_18', 'images/dynamite/Image_19', 'images/dynamite/Image_20', 'images/dynamite/Image_21', 'images/dynamite/Image_22', 'images/dynamite/Image_23', 'images/dynamite/Image_24', 'images/dynamite/Image_25', 'images/dynamite/Image_26', 'images/dynamite/Image_27', 'images/dynamite/Image_28', 'images/dynamite/Image_29', 'images/dynamite/Image_30', 'images/dynamite/Image_31', 'images/dynamite/Image_32', 'images/dynamite/Image_33', 'images/dynamite/Image_34', 'images/dynamite/Image_35', 'images/dynamite/Image_36', 'images/dynamite/Image_37', 'images/dynamite/Image_38', 'images/dynamite/Image_39', 'images/dynamite/Image_40', 'images/dynamite/Image_41', 'images/dynamite/Image_42', 'images/dynamite/Image_43', 'images/dynamite/Image_44', 'images/dynamite/Image_45', 'images/dynamite/Image_46', 'images/dynamite/Image_47', 'images/dynamite/Image_48', 'images/dynamite/Image_49', 'images/dynamite/Image_50']"
fishing_gear,poisonous_bait,"['images/poisonous_bait/Image_1', 'images/poisonous_bait/Image_2', 'images/poisonous_bait/Image_3', 'images/poisonous_bait/Image_4', 'images/poisonous_bait/Image_5', 'images/poisonous_bait/Image_6', 'images/poisonous_bait/Image_7', 'images/poisonous_bait/Image_8', 'images/poisonous_bait/Image_9', 'images/poisonous_bait/Image_10', 'images/poisonous_bait/Image_11', 'images/poisonous_bait/Image_12', 'images/poisonous_bait/Image_13', 'images/poisonous_bait/Image_14', 'images/poisonous_bait/Image_15', 'images/poisonous_bait/Image_16', 'images/poisonous_bait/Image_17', 'images/poisonous_bait/Image_18', 'images/poisonous_bait/Image_19', 'images/poisonous_bait/Image_20', 'images/poisonous_bait/Image_21', 'images/poisonous_bait/Image_22', 'images/poisonous_bait/Image_23', 'images/poisonous_bait/Image_24', 'images/poisonous_bait/Image_25', 'images/poisonous_bait/Image_26', 'images/poisonous_bait/Image_27', 'images/poisonous_bait/Image_28', 'images/poisonous_bait/Image_29', 'images/poisonous_bait/Image_30', 'images/poisonous_bait/Image_31', 'images/poisonous_bait/Image_32', 'images/poisonous_bait/Image_33', 'images/poisonous_bait/Image_34', 'images/poisonous_bait/Image_35', 'images/poisonous_bait/Image_36', 'images/poisonous_bait/Image_37', 'images/poisonous_bait/Image_38', 'images/poisonous_bait/Image_39', 'images/poisonous_bait/Image_40', 'images/poisonous_bait/Image_41', 'images/poisonous_bait/Image_42', 'images/poisonous_bait/Image_43', 'images/poisonous_bait/Image_44', 'images/poisonous_bait/Image_45', 'images/poisonous_bait/Image_46', 'images/poisonous_bait/Image_47', 'images/poisonous_bait/Image_48', 'images/poisonous_bait/Image_49', 'images/poisonous_bait/Image_50']"
poaching_activities/camps,tent,"['images/tent/Image_1', 'images/tent/Image_2', 'images/tent/Image_3', 'images/tent/Image_4', 'images/tent/Image_5', 'images/tent/Image_6', 'images/tent/Image_7', 'images/tent/Image_8', 'images/tent/Image_9', 'images/tent/Image_10', 'images/tent/Image_11', 'images/tent/Image_12', 'images/tent/Image_13', 'images/tent/Image_14', 'images/tent/Image_15', 'images/tent/Image_16', 'images/tent/Image_17', 'images/tent/Image_18', 'images/tent/Image_19', 'images/tent/Image_20', 'images/tent/Image_21', 'images/tent/Image_22', 'images/tent/Image_23', 'images/tent/Image_24', 'images/tent/Image_25', 'images/tent/Image_26', 'images/tent/Image_27', 'images/tent/Image_28', 'images/tent/Image_29', 'images/tent/Image_30', 'images/tent/Image_31', 'images/tent/Image_32', 'images/tent/Image_33', 'images/tent/Image_34', 'images/tent/Image_35', 'images/tent/Image_36', 'images/tent/Image_37', 'images/tent/Image_38', 'images/tent/Image_39', 'images/tent/Image_40', 'images/tent/Image_41', 'images/tent/Image_42', 'images/tent/Image_43', 'images/tent/Image_44', 'images/tent/Image_45', 'images/tent/Image_46', 'images/tent/Image_47', 'images/tent/Image_48', 'images/tent/Image_49', 'images/tent/Image_50']"
poaching_activities/camps,cooking_equipment,"['images/cooking_equipment/Image_1', 'images/cooking_equipment/Image_2', 'images/cooking_equipment/Image_3', 'images/cooking_equipment/Image_4', 'images/cooking_equipment/Image_5', 'images/cooking_equipment/Image_6', 'images/cooking_equipment/Image_7', 'images/cooking_equipment/Image_8', 'images/cooking_equipment/Image_9', 'images/cooking_equipment/Image_10', 'images/cooking_equipment/Image_11', 'images/cooking_equipment/Image_12', 'images/cooking_equipment/Image_13', 'images/cooking_equipment/Image_14', 'images/cooking_equipment/Image_15', 'images/cooking_equipment/Image_16', 'images/cooking_equipment/Image_17', 'images/cooking_equipment/Image_18', 'images/cooking_equipment/Image_19', 'images/cooking_equipment/Image_20', 'images/cooking_equipment/Image_21', 'images/cooking_equipment/Image_22', 'images/cooking_equipment/Image_23', 'images/cooking_equipment/Image_24', 'images/cooking_equipment/Image_25', 'images/cooking_equipment/Image_26', 'images/cooking_equipment/Image_27', 'images/cooking_equipment/Image_28', 'images/cooking_equipment/Image_29', 'images/cooking_equipment/Image_30', 'images/cooking_equipment/Image_31', 'images/cooking_equipment/Image_32', 'images/cooking_equipment/Image_33', 'images/cooking_equipment/Image_34', 'images/cooking_equipment/Image_35', 'images/cooking_equipment/Image_36', 'images/cooking_equipment/Image_37', 'images/cooking_equipment/Image_38', 'images/cooking_equipment/Image_39', 'images/cooking_equipment/Image_40', 'images/cooking_equipment/Image_41', 'images/cooking_equipment/Image_42', 'images/cooking_equipment/Image_43', 'images/cooking_equipment/Image_44', 'images/cooking_equipment/Image_45', 'images/cooking_equipment/Image_46', 'images/cooking_equipment/Image_47', 'images/cooking_equipment/Image_48', 'images/cooking_equipment/Image_49', 'images/cooking_equipment/Image_50']"
poaching_activities/camps,illegal_campsite,"['images/illegal_campsite/Image_1', 'images/illegal_campsite/Image_2', 'images/illegal_campsite/Image_3', 'images/illegal_campsite/Image_4', 'images/illegal_campsite/Image_5', 'images/illegal_campsite/Image_6', 'images/illegal_campsite/Image_7', 'images/illegal_campsite/Image_8', 'images/illegal_campsite/Image_9', 'images/illegal_campsite/Image_10', 'images/illegal_campsite/Image_11', 'images/illegal_campsite/Image_12', 'images/illegal_campsite/Image_13', 'images/illegal_campsite/Image_14', 'images/illegal_campsite/Image_15', 'images/illegal_campsite/Image_16', 'images/illegal_campsite/Image_17', 'images/illegal_campsite/Image_18', 'images/illegal_campsite/Image_19', 'images/illegal_campsite/Image_20', 'images/illegal_campsite/Image_21', 'images/illegal_campsite/Image_22', 'images/illegal_campsite/Image_23', 'images/illegal_campsite/Image_24', 'images/illegal_campsite/Image_25', 'images/illegal_campsite/Image_26', 'images/illegal_campsite/Image_27', 'images/illegal_campsite/Image_28', 'images/illegal_campsite/Image_29', 'images/illegal_campsite/Image_30', 'images/illegal_campsite/Image_31', 'images/illegal_campsite/Image_32', 'images/illegal_campsite/Image_33', 'images/illegal_campsite/Image_34', 'images/illegal_campsite/Image_35', 'images/illegal_campsite/Image_36', 'images/illegal_campsite/Image_37', 'images/illegal_campsite/Image_38', 'images/illegal_campsite/Image_39', 'images/illegal_campsite/Image_40', 'images/illegal_campsite/Image_41', 'images/illegal_campsite/Image_42', 'images/illegal_campsite/Image_43', 'images/illegal_campsite/Image_44', 'images/illegal_campsite/Image_45', 'images/illegal_campsite/Image_46', 'images/illegal_campsite/Image_47', 'images/illegal_campsite/Image_48', 'images/illegal_campsite/Image_49', 'images/illegal_campsite/Image_50']"
poaching_activities/tools,bone_saw,"['images/bone_saw/Image_1', 'images/bone_saw/Image_2', 'images/bone_saw/Image_3', 'images/bone_saw/Image_4', 'images/bone_saw/Image_5', 'images/bone_saw/Image_6', 'images/bone_saw/Image_7', 'images/bone_saw/Image_8', 'images/bone_saw/Image_9', 'images/bone_saw/Image_10', 'images/bone_saw/Image_11', 'images/bone_saw/Image_12', 'images/bone_saw/Image_13', 'images/bone_saw/Image_14', 'images/bone_saw/Image_15', 'images/bone_saw/Image_16', 'images/bone_saw/Image_17', 'images/bone_saw/Image_18', 'images/bone_saw/Image_19', 'images/bone_saw/Image_20', 'images/bone_saw/Image_21', 'images/bone_saw/Image_22', 'images/bone_saw/Image_23', 'images/bone_saw/Image_24', 'images/bone_saw/Image_25', 'images/bone_saw/Image_26', 'images/bone_saw/Image_27', 'images/bone_saw/Image_28', 'images/bone_saw/Image_29', 'images/bone_saw/Image_30', 'images/bone_saw/Image_31', 'images/bone_saw/Image_32', 'images/bone_saw/Image_33', 'images/bone_saw/Image_34', 'images/bone_saw/Image_35', 'images/bone_saw/Image_36', 'images/bone_saw/Image_37', 'images/bone_saw/Image_38', 'images/bone_saw/Image_39', 'images/bone_saw/Image_40', 'images/bone_saw/Image_41', 'images/bone_saw/Image_42', 'images/bone_saw/Image_43', 'images/bone_saw/Image_44', 'images/bone_saw/Image_45', 'images/bone_saw/Image_46', 'images/bone_saw/Image_47', 'images/bone_saw/Image_48', 'images/bone_saw/Image_49', 'images/bone_saw/Image_50']"
poaching_activities/tools,meat_cleaver,"['images/meat_cleaver/Image_1', 'images/meat_cleaver/Image_2', 'images/meat_cleaver/Image_3', 'images/meat_cleaver/Image_4', 'images/meat_cleaver/Image_5', 'images/meat_cleaver/Image_6', 'images/meat_cleaver/Image_7', 'images/meat_cleaver/Image_8', 'images/meat_cleaver/Image_9', 'images/meat_cleaver/Image_10', 'images/meat_cleaver/Image_11', 'images/meat_cleaver/Image_12', 'images/meat_cleaver/Image_13', 'images/meat_cleaver/Image_14', 'images/meat_cleaver/Image_15', 'images/meat_cleaver/Image_16', 'images/meat_cleaver/Image_17', 'images/meat_cleaver/Image_18', 'images/meat_cleaver/Image_19', 'images/meat_cleaver/Image_20', 'images/meat_cleaver/Image_21', 'images/meat_cleaver/Image_22', 'images/meat_cleaver/Image_23', 'images/meat_cleaver/Image_24', 'images/meat_cleaver/Image_25', 'images/meat_cleaver/Image_26', 'images/meat_cleaver/Image_27', 'images/meat_cleaver/Image_28', 'images/meat_cleaver/Image_29', 'images/meat_cleaver/Image_30', 'images/meat_cleaver/Image_31', 'images/meat_cleaver/Image_32', 'images/meat_cleaver/Image_33', 'images/meat_cleaver/Image_34', 'images/meat_cleaver/Image_35', 'images/meat_cleaver/Image_36', 'images/meat_cleaver/Image_37', 'images/meat_cleaver/Image_38', 'images/meat_cleaver/Image_39', 'images/meat_cleaver/Image_40', 'images/meat_cleaver/Image_41', 'images/meat_cleaver/Image_42', 'images/meat_cleaver/Image_43', 'images/meat_cleaver/Image_44', 'images/meat_cleaver/Image_45', 'images/meat_cleaver/Image_46', 'images/meat_cleaver/Image_47', 'images/meat_cleaver/Image_48', 'images/meat_cleaver/Image_49', 'images/meat_cleaver/Image_50']"
technology,drone,"['images/drone/Image_1', 'images/drone/Image_2', 'images/drone/Image_3', 'images/drone/Image_4', 'images/drone/Image_5', 'images/drone/Image_6', 'images/drone/Image_7', 'images/drone/Image_8', 'images/drone/Image_9', 'images/drone/Image_10', 'images/drone/Image_11', 'images/drone/Image_12', 'images/drone/Image_13', 'images/drone/Image_14', 'images/drone/Image_15', 'images/drone/Image_16', 'images/drone/Image_17', 'images/drone/Image_18', 'images/drone/Image_19', 'images/drone/Image_20', 'images/drone/Image_21', 'images/drone/Image_22', 'images/drone/Image_23', 'images/drone/Image_24', 'images/drone/Image_25', 'images/drone/Image_26', 'images/drone/Image_27', 'images/drone/Image_28', 'images/drone/Image_29', 'images/drone/Image_30', 'images/drone/Image_31', 'images/drone/Image_32', 'images/drone/Image_33', 'images/drone/Image_34', 'images/drone/Image_35', 'images/drone/Image_36', 'images/drone/Image_37', 'images/drone/Image_38', 'images/drone/Image_39', 'images/drone/Image_40', 'images/drone/Image_41', 'images/drone/Image_42', 'images/drone/Image_43', 'images/drone/Image_44', 'images/drone/Image_45', 'images/drone/Image_46', 'images/drone/Image_47', 'images/drone/Image_48', 'images/drone/Image_49', 'images/drone/Image_50']"
communication_devices,walkie_talkie,"['images/walkie_talkie/Image_1', 'images/walkie_talkie/Image_2', 'images/walkie_talkie/Image_3', 'images/walkie_talkie/Image_4', 'images/walkie_talkie/Image_5', 'images/walkie_talkie/Image_6', 'images/walkie_talkie/Image_7', 'images/walkie_talkie/Image_8', 'images/walkie_talkie/Image_9', 'images/walkie_talkie/Image_10', 'images/walkie_talkie/Image_11', 'images/walkie_talkie/Image_12', 'images/walkie_talkie/Image_13', 'images/walkie_talkie/Image_14', 'images/walkie_talkie/Image_15', 'images/walkie_talkie/Image_16', 'images/walkie_talkie/Image_17', 'images/walkie_talkie/Image_18', 'images/walkie_talkie/Image_19', 'images/walkie_talkie/Image_20', 'images/walkie_talkie/Image_21', 'images/walkie_talkie/Image_22', 'images/walkie_talkie/Image_23', 'images/walkie_talkie/Image_24', 'images/walkie_talkie/Image_25', 'images/walkie_talkie/Image_26', 'images/walkie_talkie/Image_27', 'images/walkie_talkie/Image_28', 'images/walkie_talkie/Image_29', 'images/walkie_talkie/Image_30', 'images/walkie_talkie/Image_31', 'images/walkie_talkie/Image_32', 'images/walkie_talkie/Image_33', 'images/walkie_talkie/Image_34', 'images/walkie_talkie/Image_35', 'images/walkie_talkie/Image_36', 'images/walkie_talkie/Image_37', 'images/walkie_talkie/Image_38', 'images/walkie_talkie/Image_39', 'images/walkie_talkie/Image_40', 'images/walkie_talkie/Image_41', 'images/walkie_talkie/Image_42', 'images/walkie_talkie/Image_43', 'images/walkie_talkie/Image_44', 'images/walkie_talkie/Image_45', 'images/walkie_talkie/Image_46', 'images/walkie_talkie/Image_47', 'images/walkie_talkie/Image_48', 'images/walkie_talkie/Image_49', 'images/walkie_talkie/Image_50']"
communication_devices,satellite_phone,"['images/satellite_phone/Image_1', 'images/satellite_phone/Image_2', 'images/satellite_phone/Image_3', 'images/satellite_phone/Image_4', 'images/satellite_phone/Image_5', 'images/satellite_phone/Image_6', 'images/satellite_phone/Image_7', 'images/satellite_phone/Image_8', 'images/satellite_phone/Image_9', 'images/satellite_phone/Image_10', 'images/satellite_phone/Image_11', 'images/satellite_phone/Image_12', 'images/satellite_phone/Image_13', 'images/satellite_phone/Image_14', 'images/satellite_phone/Image_15', 'images/satellite_phone/Image_16', 'images/satellite_phone/Image_17', 'images/satellite_phone/Image_18', 'images/satellite_phone/Image_19', 'images/satellite_phone/Image_20', 'images/satellite_phone/Image_21', 'images/satellite_phone/Image_22', 'images/satellite_phone/Image_23', 'images/satellite_phone/Image_24', 'images/satellite_phone/Image_25', 'images/satellite_phone/Image_26', 'images/satellite_phone/Image_27', 'images/satellite_phone/Image_28', 'images/satellite_phone/Image_29', 'images/satellite_phone/Image_30', 'images/satellite_phone/Image_31', 'images/satellite_phone/Image_32', 'images/satellite_phone/Image_33', 'images/satellite_phone/Image_34', 'images/satellite_phone/Image_35', 'images/satellite_phone/Image_36', 'images/satellite_phone/Image_37', 'images/satellite_phone/Image_38', 'images/satellite_phone/Image_39', 'images/satellite_phone/Image_40', 'images/satellite_phone/Image_41', 'images/satellite_phone/Image_42', 'images/satellite_phone/Image_43', 'images/satellite_phone/Image_44', 'images/satellite_phone/Image_45', 'images/satellite_phone/Image_46', 'images/satellite_phone/Image_47', 'images/satellite_phone/Image_48', 'images/satellite_phone/Image_49', 'images/satellite_phone/Image_50']"
